-13,16,0,0.362304688,-0.915771484,0.196044922,-65.78019673,-21.14958243
-11,11,1,0.341064453,-0.958251953,0.197265625,-67.64905886,-19.21923901
-11,19,-1,0.391357422,-0.919189453,0.157470703,-65.34784709,-22.76535923
-14,15,-2,0.380615234,-0.927246094,0.172851563,-65.73295071,-21.97544316
-9,0,-2,0.405273438,-0.910644531,0.142089844,-64.75142165,-23.73603738
-59,-4,-43,0.560058594,-0.843017578,-0.079345703,-56.13902218,-33.4817099
-82,-6,-9,0.718505859,-0.364501953,-0.695800781,-20.02330857,-42.44974179
-47,6,-9,0.610107422,0.1640625,-0.776611328,9.431967482,-37.54723721
4,15,30,0.608642578,0.209472656,-0.9609375,10.43445516,-31.75134699
54,43,25,0.626953125,-0.411621094,-0.663574219,-24.27013818,-38.76054261
51,4,40,0.432128906,-0.864257813,-0.025878906,-63.39390259,-26.55478273
-40,21,-7,0.457763672,-1.025390625,-0.030273438,-65.89607839,-24.04805958
-31,10,-2,0.404785156,-0.867675781,-0.246337891,-61.36044657,-24.16962185
-53,5,-43,0.564697266,-0.424072266,-0.757568359,-24.1711185,-33.04132199
-28,25,-13,0.616699219,0.068359375,-0.82421875,3.799280786,-36.71051392
-1,16,11,0.655761719,0.040771484,-0.8046875,2.249252379,-39.14156247
25,18,27,0.575927734,-0.284179688,-0.770019531,-16.46431901,-35.05653602
50,44,42,0.436767578,-0.763427734,-0.419921875,-51.56302096,-26.62392555
-9,27,2,0.308105469,-0.93359375,-0.025878906,-71.67600649,-18.25742333
-12,11,2,0.308105469,-0.953613281,-0.080078125,-71.53960305,-17.84645702
-53,8,-28,0.439941406,-0.837890625,-0.165283203,-60.71234831,-27.25442387
-60,13,-22,0.576171875,-0.310302734,-0.846435547,-16.85951229,-32.58307542
-14,19,-10,0.634033203,0.100585938,-0.796875,5.641082062,-38.28705995
27,0,17,0.628662109,-0.077636719,-0.906494141,-4.025671895,-34.64368696
65,34,50,0.430664063,-0.673339844,-0.355957031,-50.3145879,-29.48576275
-8,12,1,0.336914063,-0.972412109,-0.114013672,-69.90881185,-18.98912285
-14,16,-1,0.315673828,-0.945800781,-0.162353516,-69.42793571,-18.20873694
-33,8,-19,0.390380859,-0.864746094,-0.182617188,-63.50868261,-23.83095548
-68,25,-20,0.569335938,-0.345214844,-0.900146484,-17.95851399,-30.56408748
-20,24,-6,0.665039063,0.063720703,-0.782958984,3.549431538,-40.2510152
26,10,17,0.585205078,-0.058349609,-0.843017578,-3.254238907,-34.70345751
68,54,58,0.410644531,-0.683105469,-0.526367188,-45.65764894,-25.46271836
1,40,8,0.356689453,-0.945068359,0.015380859,-69.30480952,-20.67509632
-35,-5,2,0.1796875,-1.031005859,0.010986328,-80.09548514,-9.885868202
-67,1,-21,0.188232422,-0.868408203,-0.317871094,-66.95496926,-11.50526863
-80,21,-43,0.454101563,-0.227050781,-0.8828125,-12.88240216,-26.4810267
-11,16,-4,0.368164063,0.186767578,-0.96875,10.21599959,-20.46398844
72,20,31,0.383544922,-0.259521484,-0.946533203,-14.25774944,-21.34494081
38,19,33,0.204345703,-0.885253906,-0.248779297,-70.0149467,-12.52892969
-14,19,-2,0.195068359,-0.963134766,-0.130615234,-76.30154347,-11.34836573
-18,19,-4,0.229003906,-0.958984375,-0.25390625,-70.37647265,-12.99869563
-98,5,-48,0.36328125,-0.632568359,-0.614501953,-41.54520181,-22.38814165
-37,10,-21,0.484375,0.037353516,-0.977294922,1.961377643,-26.34767991
33,12,27,0.464111328,-0.107421875,-1.025634766,-5.450774622,-24.23010646
73,50,62,0.317626953,-0.708984375,-0.501464844,-50.06239512,-20.09046554
-13,15,2,0.176513672,-0.924072266,-0.127441406,-76.74285818,-10.71516556
-17,13,-3,0.207763672,-0.958740234,-0.086181641,-76.79669043,-12.17957936
-83,-3,-46,0.391845703,-0.713134766,-0.377441406,-52.65933141,-25.90318865
-57,3,-30,0.574707031,-0.040527344,-0.830322266,-2.298246487,-34.65712763
11,14,5,0.476074219,0.109375,-0.96484375,5.804671294,-26.11783159
84,27,40,0.416748047,-0.614746094,-0.678710938,-37.66314504,-24.4702485
-15,21,5,0.287353516,-1.056884766,0.041259766,-74.64102529,-15.19927099
-14,18,-1,0.228271484,-0.980224609,-0.10546875,-75.6120704,-13.03655478
-34,17,-32,0.307128906,-0.961914063,-0.123535156,-71.00911327,-17.57239032
-91,28,-34,0.469726563,-0.495849609,-0.676025391,-31.06249779,-29.26105366
-24,23,2,0.457763672,0.193603516,-0.956542969,10.34653479,-25.12890255
71,17,57,0.450439453,-0.203369141,-0.960449219,-10.85237399,-24.64639027
43,12,34,0.233886719,-0.956542969,-0.116699219,-74.71651551,-13.64261351
-17,11,1,0.209472656,-0.995361328,-0.149902344,-75.49104197,-11.75559329
-28,14,-14,0.305664063,-1.008789063,-0.224365234,-69.40041643,-16.47683828
-96,-2,-32,0.370361328,-0.486572266,-0.66015625,-32.73315592,-24.30425962
-15,18,-4,0.482177734,0.212402344,-0.926025391,11.49947909,-26.90855765
59,25,20,0.528564453,-0.246582031,-0.835205078,-14.00788859,-31.25591483
66,47,53,0.325195313,-0.84375,-0.059326172,-68.60585615,-21.03012761
-18,17,-3,0.321533203,-0.959228516,-0.096923828,-70.70494535,-18.44362673
-23,16,-9,0.320068359,-0.894287109,-0.189208984,-67.42426559,-19.29780634
-76,1,-28,0.386962891,-0.572509766,-0.642333984,-37.36026942,-24.2146757
-58,14,-26,0.391113281,0.112548828,-0.903076172,6.524202552,-23.25635411
32,11,30,0.374511719,0.119873047,-1.056396484,6.104658822,-19.40519557
86,57,30,0.234375,-0.717041016,-0.479003906,-53.3615036,-15.20546657
-18,20,-14,0.30078125,-0.945556641,-0.293945313,-66.02154531,-16.89670305
-26,13,-7,0.276367188,-0.894042969,-0.293945313,-65.71131506,-16.36519954
-76,-11,-40,0.380859375,-0.527832031,-0.734130859,-32.54663291,-22.84166876
-36,17,-4,0.479492188,0.066894531,-0.882080078,3.811941886,-28.45929204
46,19,19,0.460449219,-0.169677734,-0.93359375,-9.257807368,-25.88505233
61,44,62,0.275878906,-0.803710938,-0.236328125,-65.67786876,-18.2274739
-12,16,2,0.265136719,-0.970458984,-0.06640625,-74.27031569,-15.2467396
-38,16,-26,0.306640625,-0.916503906,-0.075195313,-70.99171537,-18.44127415
-89,-9,-48,0.493408203,-0.383300781,-0.782470703,-22.5070704,-29.52216805
-15,20,-2,0.482177734,0.153076172,-0.91015625,8.453369005,-27.58424001
71,24,25,0.459472656,-0.4296875,-0.772216797,-25.55659572,-27.47144424
22,16,21,0.294189453,-0.931884766,-0.181884766,-69.63727049,-17.21540226
-11,14,3,0.282958984,-0.980224609,-0.118652344,-72.61887327,-15.99101367
-15,21,-4,0.27734375,-0.978759766,-0.147705078,-72.20116652,-15.65233428
-64,2,-49,0.432861328,-0.736572266,-0.301025391,-54.40467588,-28.54590672
-60,18,-32,0.548095703,-0.234619141,-0.771972656,-13.91825962,-34.18877772
6,11,8,0.487548828,0.139160156,-0.955810547,7.389754186,-26.7831617
79,61,55,0.430175781,-0.512695313,-0.66015625,-33.05100283,-27.23262517
-12,36,0,0.278808594,-0.955810547,-0.054931641,-73.44245641,-16.23651334
-15,13,1,0.30078125,-0.955810547,-0.089355469,-71.82602972,-17.39686458
-40,-5,-18,0.473144531,-0.868896484,-0.218505859,-59.04473859,-27.83820827
-88,-3,-41,0.407226563,-0.280273438,-0.846679688,-16.61064191,-24.54153981
-20,12,-19,0.344482422,0.355957031,-0.885986328,20.5286743,-19.83860119
95,26,21,0.370361328,-0.258300781,-0.936767578,-14.38207007,-20.86371164
3,13,-2,0.180419922,-0.974121094,-0.425537109,-64.61641736,-9.632745103
-14,11,-2,0.208496094,-0.979248047,-0.155273438,-75.13253492,-11.87554505
-26,-6,-2,0.239746094,-0.931884766,-0.259277344,-69.24605012,-13.92054188
20,34,23,0.224365234,-0.936767578,-0.322998047,-67.22614724,-12.75824623
-11,19,-3,0.254882813,-0.955078125,-0.184326172,-71.77099821,-14.68341375
-11,18,0,0.275878906,-0.948974609,-0.180175781,-70.85195329,-15.93988942
-13,17,0,0.267333984,-0.941650391,-0.190917969,-70.76798598,-15.54860111
-81,1,-31,0.413330078,-0.794433594,-0.303955078,-57.14487929,-25.91650749
-77,12,-44,0.481689453,-0.133789063,-0.8203125,-8.005617142,-30.09422213
-8,15,-2,0.389404297,0.371337891,-0.887207031,20.96964045,-22.04190021
116,35,20,0.396972656,-0.252441406,-0.958251953,-13.67879729,-21.83102868
-11,51,-11,0.290283203,-0.895996094,-0.142333984,-70.15912786,-17.74291315
-16,16,-2,0.248535156,-0.967285156,-0.139892578,-73.57200797,-14.26763275
-52,18,-27,0.346435547,-0.885986328,-0.090332031,-67.99682612,-21.25604437
-84,24,-29,0.518310547,-0.355957031,-0.817626953,-20.18835346,-30.16635789
-14,17,-2,0.5078125,0.162597656,-0.854736328,9.288213584,-30.26994159
96,23,40,0.411865234,-0.468261719,-0.804443359,-27.39014379,-23.86856503
-13,10,10,0.287841797,-0.987792969,-0.173583984,-71.20731822,-16.01354275
-15,28,-3,0.271972656,-0.954101563,-0.136230469,-72.31682685,-15.75875974
-57,20,-30,0.403076172,-0.832519531,-0.229736328,-60.86978972,-25.0193955
-87,15,-39,0.513183594,-0.392822266,-0.695556641,-24.43963147,-32.71788967
-25,14,-4,0.410400391,0.294433594,-0.843261719,17.42984328,-24.67779394
64,21,28,0.422119141,-0.075439453,-0.895019531,-4.359496798,-25.17186949
50,36,27,0.326416016,-0.788818359,-0.333984375,-59.37318773,-20.85963052
-16,20,-3,0.208496094,-0.977783203,-0.175048828,-74.44161953,-11.85409149
-17,22,-5,0.24609375,-0.952880859,-0.181396484,-72.21161902,-14.23595397
-77,0,-26,0.344482422,-0.675537109,-0.544433594,-46.35738867,-21.65528456
-54,16,-21,0.463378906,-0.027587891,-0.913818359,-1.542361695,-26.87812355
-4,17,3,0.453613281,0.172363281,-0.916503906,9.567350271,-25.93882438
71,27,26,0.456054688,-0.450683594,-0.777099609,-26.57342073,-26.91547395
8,5,6,0.351318359,-1.022460938,-0.240722656,-67.38717767,-18.49284191
-19,19,-2,0.221191406,-0.987304688,-0.048828125,-77.07828993,-12.61285824
-16,25,-5,0.206787109,-0.995117188,-0.113037109,-76.67655932,-11.66614842
-14,16,-1,0.227050781,-0.977539063,-0.104248047,-75.66325319,-13.00489195
-94,-5,-59,0.354980469,-0.712890625,-0.377685547,-53.98020186,-23.74989261
-50,10,-14,0.348632813,0.160644531,-1.060302734,8.19019958,-18.00907996
72,33,34,0.353515625,-0.206542969,-0.975585938,-11.2573976,-19.51965435
55,18,48,0.302001953,-0.920166016,-0.027832031,-71.75806089,-18.16227038
-13,19,0,0.172851563,-0.983642578,-0.061523438,-79.43430315,-9.9475511
-13,21,-1,0.19921875,-0.978759766,-0.064453125,-77.92475903,-11.48073315
-28,29,-20,0.277587891,-0.970214844,-0.110351563,-72.88699692,-15.86922273
-97,-22,-32,0.40625,-0.407470703,-0.868896484,-23.01641237,-22.94351417
-9,12,3,0.364746094,0.178955078,-1.016357422,9.409874295,-19.46538965
96,46,44,0.331787109,-0.534423828,-0.821533203,-31.09778429,-18.7028174
-21,23,0,0.235107422,-1.048095703,-0.07421875,-76.76294013,-12.6126519
-14,14,1,0.208496094,-0.968505859,-0.139892578,-75.46639472,-12.02786226
-13,15,-1,0.2421875,-0.957275391,-0.12890625,-74.00760964,-14.07579623
-15,16,-1,0.263671875,-0.960449219,-0.164306641,-72.07519337,-15.14153946
-83,-9,-51,0.428222656,-0.803710938,-0.172363281,-60.12917117,-27.5177673
-81,0,-23,0.420410156,-0.122558594,-0.854736328,-7.331736909,-25.96051556
16,19,21,0.34765625,0.222167969,-1.080810547,11.07188229,-17.48832972
95,72,29,0.346679688,-0.667724609,-0.234130859,-57.93252326,-26.10251096
-14,18,-1,0.145263672,-0.993652344,-0.116943359,-79.37049274,-8.261026027
-15,15,-2,0.178466797,-0.971679688,-0.141113281,-76.82178807,-10.3017088
-19,25,0,0.176269531,-0.956054688,-0.175537109,-75.4150524,-10.27835378
-74,35,-40,0.245605469,-0.827148438,-0.37109375,-61.71960349,-15.15840821
-91,-2,-7,0.239013672,-0.009033203,-1.097900391,-0.460614024,-12.2812961
25,17,11,0.256591797,0.224853516,-0.982910156,12.48091059,-14.27753552
69,-31,12,0.327148438,-0.870849609,-0.396728516,-59.43908664,-18.87361725
-33,13,-9,0.164794922,-1.072509766,-0.009277344,-81.25100124,-8.735059389
-24,29,-8,0.275146484,-0.923828125,-0.187255859,-70.18774643,-16.27236501
-16,10,5,0.256835938,-0.884033203,-0.386474609,-62.30477897,-14.90650105
-98,-8,-45,0.356933594,-0.490478516,-0.577392578,-35.85021215,-25.22699522
-38,16,-10,0.235351563,0.289550781,-1.090820313,14.54590336,-11.779354
111,22,33,0.300292969,-0.25,-0.956054688,-14.00790791,-16.90290074
59,17,21,0.303222656,-0.885253906,-0.145263672,-69.20305415,-18.67555085
21,32,-32,0.434326172,-0.800048828,-0.102783203,-60.84421343,-28.30021022
-6,25,-8,0.597412109,-0.780273438,0.126708984,-51.95055388,-37.07996977
-7,15,1,0.669677734,-0.803955078,0.079101563,-50.01109137,-39.65792259
-11,-52,19,0.551025391,-0.6953125,0.030273438,-51.56163375,-38.36992288
-44,-4,-3,0.482177734,-0.804931641,-0.271972656,-55.48172172,-29.57533843
-76,-3,-10,0.474853516,-0.407714844,-0.853271484,-22.66177772,-26.66265257
-37,4,-17,0.388916016,0.214111328,-0.978271484,11.49624023,-21.22424308
81,27,21,0.409179688,-0.156738281,-0.955078125,-8.578348089,-22.91718857
56,13,30,0.231445313,-0.924316406,-0.116699219,-74.33514682,-13.95122855
-13,23,-4,0.198242188,-0.982177734,-0.044921875,-78.30733254,-11.39962964
-16,23,-3,0.224609375,-0.956054688,-0.064697266,-76.26151025,-13.1918339
-41,40,-24,0.217773438,-0.788330078,-0.122314453,-72.41987502,-15.26860946
-113,10,-11,0.258056641,-0.223632813,-0.958251953,-12.6993311,-14.69502866
4,23,24,0.395263672,0.102050781,-0.991210938,5.4627254,-21.63682566
85,20,10,0.268554688,-0.637939453,-0.691650391,-40.6891138,-15.92951251
1,-1,6,0.234375,-0.940429688,-0.004394531,-76.00339921,-13.99409099
-14,19,-2,0.218505859,-0.975341797,-0.103515625,-76.07714392,-12.55919544
-34,27,-14,0.246582031,-0.96875,-0.130859375,-73.92519722,-14.15726142
-82,20,-12,0.387207031,-0.614990234,-0.642333984,-39.35075137,-23.52926757
-14,19,-3,0.327636719,0.196533203,-0.959472656,10.97041314,-18.49663229
70,11,7,0.410888672,-0.303955078,-0.994140625,-15.77833578,-21.56635793
58,22,33,0.437011719,-0.843994141,-0.3046875,-57.73926785,-25.96726981
-14,21,-2,0.186279297,-0.977294922,-0.004394531,-79.2055354,-10.79142606
-16,19,-3,0.244873047,-0.979736328,-0.052490234,-75.6613463,-14.01357989
-74,9,-37,0.435791016,-0.833740234,-0.203369141,-60.02329295,-26.92170367
-110,16,3,0.251220703,-0.073974609,-0.876708984,-4.637289933,-15.93590187
-4,18,6,0.333251953,0.256103516,-0.914306641,14.74424641,-19.33990772
117,30,10,0.332763672,-0.314941406,-0.906982422,-18.05558672,-19.11581717
-4,41,-9,0.369628906,-0.954589844,0.037597656,-68.73350241,-21.15206652
-4,25,4,0.354492188,-0.932373047,-0.053710938,-68.96607086,-20.78550725
-11,16,2,0.373779297,-0.906494141,0.102539063,-66.8499394,-22.27999784
-13,15,0,0.356201172,-0.944824219,0.062988281,-69.05057257,-20.61467261
-12,17.6,0.4,0.173681641,-0.987988281,0.004199219,-79.97188446,-9.968503743
-68.6,7.6,-42.6,0.412939453,-0.849560547,-0.222851563,-60.60418892,-25.09809231
-61.4,13.8,-16.4,0.469677734,-0.22421875,-0.856640625,-12.89892577,-27.8689379
95.6,21,40.8,0.414697266,-0.484960938,-0.783837891,-29.19277074,-23.90238454
-32.2,21.6,-13,0.215234375,-0.966699219,-0.135009766,-75.08843903,-12.42507543
-77.2,39.6,-31,0.462353516,-0.187841797,-0.913378906,-10.47098921,-26.26441008
55.8,17,28.2,0.463476563,-0.429589844,-0.774707031,-25.49813739,-27.45521961
-10.8,19.2,4,0.196142578,-0.977978516,-0.170507813,-74.19384712,-11.10125751
-86.6,2.8,-38.2,0.431689453,-0.529345703,-0.751074219,-31.3640318,-25.09568637
21.6,12,25.2,0.48203125,-0.149609375,-0.960644531,-7.886525188,-26.34409138
42.6,8,16,0.21171875,-0.907373047,-0.179931641,-72.51007179,-12.90195179
-68.8,11,-35.2,0.430566406,-0.798876953,-0.471240234,-51.1165596,-24.75977639
36.4,-0.4,37.4,0.482763672,-0.541064453,-0.628515625,-34.28837045,-30.12842534
-11.8,19.4,-2,0.168457031,-0.986376953,-0.181445313,-75.68212548,-9.518989128
-52,24.8,-38,0.508349609,-0.675878906,-0.534228516,-42.53895793,-30.45775472
9.2,1.8,23.4,0.647753906,-0.397265625,-0.606005859,-24.13645126,-41.71834184
15,15.8,14.4,0.193359375,-0.958886719,-0.291113281,-69.93947892,-10.89287076
-68.4,35.2,-39.2,0.2984375,-0.914453125,-0.341210938,-63.25803717,-17.07577196
-14.8,13.6,4.2,0.576464844,-0.465136719,-0.652246094,-28.10790563,-35.74493363
35,10.4,22.4,0.23125,-0.919189453,-0.436816406,-61.19954011,-12.96847591
-20.8,24.2,-5.6,0.112060547,-0.990087891,-0.174511719,-78.10106405,-6.359481255
-47.6,28.4,-24.2,0.471972656,-0.636425781,-0.570458984,-40.63099528,-28.90217206
43.6,-4.8,34.2,0.369384766,-0.758691406,-0.541601563,-48.68861696,-21.72473942
-7,19.4,-1,0.120166016,-0.9796875,-0.14921875,-78.93369211,-6.890453813
-47,34.4,-22.8,0.207324219,-0.944140625,-0.312548828,-68.28348923,-11.77226863
-16.4,17.8,-1.4,0.513037109,-0.575244141,-0.629052734,-35.32587185,-31.04122712
40.4,-8.8,21.8,0.135791016,-1.002050781,-0.272265625,-72.46466349,-7.465679111
-12.8,18,-0.6,0.039892578,-1.004589844,-0.064160156,-85.55486475,-2.269916285
-66,29.8,-35.8,0.237744141,-0.884472656,-0.401269531,-62.1229189,-13.75057053
-11,17.6,0.6,0.475537109,-0.626855469,-0.624658203,-38.59713557,-28.25225606
55.4,-6,26.4,0.206347656,-0.918798828,-0.35625,-65.59547097,-11.72092259
-39,29,-18.2,0.132373047,-0.991357422,-0.136572266,-79.02006148,-7.496016837
-69.4,44.4,-32,0.4390625,-0.190087891,-0.9046875,-10.75709736,-25.37655956
102.4,6,46.6,0.402001953,-0.493505859,-0.802197266,-29.43478285,-22.78278735
-20.8,18.8,-33,0.271533203,-1.077490234,-0.154248047,-73.57014512,-13.90786037
-21,6.2,-8.2,0.795996094,-0.055859375,-0.537011719,-3.198921106,-55.67300362
38.4,13.4,62.6,0.434472656,-0.891699219,-0.374267578,-56.75219801,-24.11213055
-29.8,21.8,-16.8,0.247558594,-0.971289063,-0.251220703,-70.01982315,-13.77470723
-47.4,25,-26.8,0.616943359,-0.442675781,-0.668164063,-25.87603183,-37.52041437
52,-2.6,59.2,0.497998047,-0.640478516,-0.604638672,-38.72248221,-29.78911813
-11.4,24,1.2,0.165966797,-0.969140625,-0.132128906,-77.45454743,-9.63331472
-26.4,20.4,-6.6,0.157080078,-0.995068359,-0.189746094,-76.09821651,-8.796511943
-45.4,29.4,-29.4,0.601318359,-0.439648438,-0.649902344,-26.40628376,-37.39902447
16.4,0.2,27.2,0.568115234,-0.420898438,-0.657568359,-25.85298627,-35.97435662
-8,21,5.4,0.157910156,-0.975,-0.175292969,-76.31343672,-9.041869853
-70.2,18.6,-58.4,0.355810547,-0.880371094,-0.418408203,-57.76564868,-20.01079824
-12.6,17.2,3.6,0.667822266,-0.134423828,-0.7234375,-7.753513663,-42.20859176
68.6,6,34.4,0.264892578,-0.968115234,-0.391796875,-63.18333658,-14.07567229
-108.2,12,-23.8,0.266796875,-0.6984375,-0.538720703,-49.34133262,-16.62930953
7,41.6,13,0.944873047,0.060009766,-0.436279297,3.300775608,-64.99068757
26.2,-44.2,64.4,0.665332031,-0.632324219,-0.058544922,-42.68497945,-46.29539363
-66.6,46.6,-55.2,0.418164063,-0.966650391,-0.198730469,-64.21294457,-23.08312658
-4.4,14.8,1.2,0.860888672,-0.158349609,-0.428417969,-9.350114792,-62.03391494
33.6,-5.8,52.4,0.394580078,-0.921044922,-0.208935547,-64.26375805,-22.52813594
-48.4,44.6,-52.4,0.368164063,-0.991015625,-0.203808594,-66.72055945,-20.01063383
-14.6,21.8,-8,0.854638672,-0.129785156,-0.455566406,-7.631886586,-60.9987785
43.4,-10.2,63.8,0.489599609,-0.882128906,-0.298681641,-56.3724115,-27.79618266
-48.4,21.8,-42.8,0.478222656,-0.935498047,-0.247363281,-60.06349087,-26.26232808
-7.8,24.8,-0.8,0.875195313,-0.121923828,-0.416699219,-6.972866855,-63.50242615
26.8,13.8,63.6,0.783105469,-0.436523438,-0.420996094,-25.84977993,-52.32055049
-12.6,21.8,2.2,0.316259766,-0.982617188,-0.087890625,-71.48514758,-17.71767909
-58.6,26,-64.6,0.591357422,-0.764501953,-0.242333984,-49.96509135,-36.25286059
-10,15.2,2.6,0.921582031,-0.260791016,-0.326660156,-14.92850301,-65.61087262
43.2,-2,69.4,0.559765625,-0.804541016,-0.232763672,-52.66654728,-33.6159509
-15.6,17,-4.6,0.235253906,-0.987597656,-0.065966797,-75.88955802,-13.37799566
-51.6,33,-56.2,0.798925781,-0.394091797,-0.320263672,-24.2400326,-57.57315488
-0.2,20,24.2,0.879003906,-0.203466797,-0.247460938,-12.57648817,-69.81577641
-6.4,4.2,7.2,0.236279297,-0.999804688,-0.124462891,-74.6730406,-13.12774391
-53.2,37.4,-44.8,0.436523438,-0.886523438,-0.23046875,-60.79121116,-25.48641149
-25,18.8,-7.8,0.845898438,-0.161962891,-0.437646484,-9.674942158,-61.06462665
55.2,-21.6,66,0.608203125,-0.670654297,-0.389355469,-42.67921112,-38.04044367
-25.2,19,-7.2,0.231103516,-1.007275391,-0.11171875,-74.28594385,-12.82599757
-35.2,42,-18,0.833837891,-0.232128906,-0.317382813,-14.5271978,-64.60473079
11.4,10.4,32.8,0.855322266,-0.255859375,-0.311132813,-15.701392,-64.57362787
-10.6,7.4,-2.4,0.226660156,-0.9984375,-0.09609375,-75.53056202,-12.70122649
-72.4,59.8,-70.8,0.481103516,-0.924316406,-0.203857422,-60.20993811,-27.11300072
-23.4,19.2,-12.8,0.902539063,-0.278125,-0.304589844,-16.23930487,-65.28428537
51,-32.2,106,0.642333984,-0.526904297,-0.284082031,-36.50324854,-46.90977613
-12.4,19.6,-2,0.230126953,-0.972509766,-0.112597656,-75.22840153,-13.22742041
-67.6,46.2,-41,0.650537109,-0.687792969,-0.30546875,-43.61186644,-40.77533305
-15.4,19.4,-6,0.859082031,-0.372558594,-0.373339844,-21.68103607,-58.44721518
35.6,-20.8,44.8,0.327587891,-1.042773438,-0.220556641,-69.02834844,-16.79088506
-16.6,13.2,-7.8,0.270800781,-0.985253906,-0.154589844,-72.38137211,-15.19362631
-37,26,-16.2,0.793457031,-0.445507813,-0.375683594,-26.9067054,-53.62353298
-10.4,17.6,1.2,0.815039063,-0.375927734,-0.427392578,-22.22075167,-55.06215371
17,-6.6,13.4,0.254785156,-1.004833984,-0.151171875,-73.18904919,-14.06877193
-33.4,35,-22.8,0.288525391,-1.007128906,-0.190820313,-70.78973586,-15.67429923
-35.2,20,-12.6,0.831689453,-0.315966797,-0.380908203,-19.06451435,-59.20192274
-6.4,15.2,3.2,0.860205078,-0.323388672,-0.397949219,-18.83705094,-59.19620235
61.2,-30,67.6,0.423779297,-0.950097656,-0.237841797,-61.56461869,-24.03525827
-17.2,20,-8.6,0.228710938,-0.986230469,-0.127685547,-74.93323253,-12.92777439
-60.8,39.6,-48.4,0.794580078,-0.285351563,-0.437939453,-17.39024954,-56.56219503
0.2,15.8,12.8,0.863769531,-0.192480469,-0.384277344,-11.56392659,-63.47986826
15.2,15.2,13.4,0.311328125,-0.977880859,-0.173095703,-69.13035255,-17.14800037
-30.2,30,-14.2,0.293261719,-0.993798828,-0.164208984,-71.27976994,-16.19939454
-23,14.8,-13.4,0.806152344,-0.328955078,-0.405712891,-20.00939576,-56.97450018
14.2,-2.6,34.2,0.717089844,-0.409960938,-0.391015625,-26.72517457,-51.36410986
-14.6,26.8,1.8,0.258300781,-0.980371094,-0.056445313,-74.83171916,-14.72921969
-52,48.8,-30.8,0.407519531,-0.927148438,-0.156347656,-64.7027704,-23.4501139
-7,19.6,-3.6,0.801855469,-0.354150391,-0.419873047,-21.27160906,-55.39921229
49.6,-12.6,52.6,0.511425781,-0.890966797,-0.289453125,-56.25306295,-28.76054959
-15.2,18.4,-3.2,0.249951172,-0.989794922,-0.010107422,-75.76040278,-14.18522732
-78.6,55.2,-66.6,0.556542969,-0.851464844,-0.200048828,-55.02186335,-32.61010566
-9.2,15.4,7.6,0.882861328,-0.272363281,-0.392578125,-15.72648853,-61.5296201
54.2,-20.6,38.2,0.367431641,-0.966503906,-0.213427734,-66.0307343,-20.34472197
-13.6,18.2,-0.2,0.226513672,-0.980175781,0.030419922,-76.81838912,-13.00515116
-91.2,49.8,-67,0.627832031,-0.751171875,-0.236376953,-48.06540925,-38.29043609
-10.8,16.6,1.8,0.905078125,-0.31875,-0.317919922,-18.37857925,-63.54770919
75,-44.4,90,0.549365234,-0.838037109,-0.250048828,-52.64150096,-33.07637317
-11.8,15,-2,0.21640625,-0.982324219,-0.047216797,-77.24283595,-12.40492614
-73.4,40.6,-55,0.673388672,-0.623486328,-0.325878906,-39.45440289,-43.74307936
-12.2,17.6,-4.4,0.864208984,-0.356689453,-0.349609375,-20.90971804,-59.99858128
42.6,-18.2,34.8,0.369628906,-0.966064453,-0.13125,-67.54732408,-20.78606398
-12.8,17,-3.6,0.274755859,-0.980664063,0.00390625,-74.32939068,-15.64606887
-60.4,43.4,-57.2,0.761181641,-0.550244141,-0.217724609,-34.41074017,-52.39508621
-6.8,12.4,9,0.880859375,-0.401367188,-0.2078125,-23.93129503,-62.81082752
22,-15.2,27,0.295019531,-1.033740234,-0.030517578,-73.59872826,-15.98391968
-42.6,45.2,-38.8,0.333349609,-0.995654297,-0.029833984,-71.13587459,-18.43335024
-19,22.6,-6.6,0.881542969,-0.383105469,-0.243896484,-22.73359382,-62.69431222
-3.2,13.8,7.2,0.870019531,-0.423632813,-0.254980469,-25.05058405,-60.37242662
0.6,7.8,15.2,0.257373047,-1.003369141,-0.121337891,-73.26509567,-14.19203492
-27,30,-20.8,0.290283203,-1.011572266,-0.094140625,-73.19726743,-15.86695866
-24.2,22.8,-10,0.877392578,-0.370166016,-0.241259766,-22.13474082,-63.23966563
-4,10,16,0.829980469,-0.377783203,-0.224414063,-23.75173803,-62.00817163
-6.4,10,7.2,0.272460938,-0.994628906,-0.041552734,-73.70266487,-15.21773709
-51.6,45.6,-52,0.395703125,-0.982568359,-0.083105469,-67.33651193,-21.94724152
-12.4,16.8,-0.8,0.915039063,-0.362060547,-0.245654297,-20.90319459,-64.43026696
-1,11.4,11.4,0.874365234,-0.362402344,-0.214257813,-21.93849003,-64.2469353
8.2,1.2,17.2,0.338623047,-0.985546875,-0.059326172,-70.63283008,-18.91655138
-24.2,27.6,-12,0.314746094,-0.986279297,-0.077685547,-71.65812292,-17.59788689
-44,60.8,-32.4,0.812451172,-0.406884766,-0.203125,-25.57534476,-60.74173518
-11,13.8,1,0.916064453,-0.359228516,-0.212402344,-20.90951068,-65.4949326
38.2,-15.4,31.8,0.392871094,-0.935107422,-0.200390625,-64.31801789,-22.27217523
-10.2,18.6,-1.2,0.233056641,-0.9765625,-0.054394531,-76.11857686,-13.41456083
-63.2,37.8,-57,0.456689453,-0.878564453,-0.229589844,-59.33586206,-26.60186558
-7.8,14.2,4.6,0.904052734,-0.281542969,-0.307568359,-16.37011206,-65.26342583
11,13.8,49.6,0.748193359,-0.425341797,-0.278222656,-28.13310326,-55.42687422
-11.4,2.2,-2,0.265380859,-0.971337891,0.005517578,-74.49321812,-15.26044783
-22.6,26,-18,0.338476563,-0.964697266,-0.059667969,-70.26404254,-19.27464385
-42.4,35.4,-8.8,0.849023438,-0.332861328,-0.344677734,-19.94329743,-60.56737001
49,4,64.6,0.735693359,-0.505712891,-0.152978516,-32.82935234,-54.08879735
-12.8,19.2,2.6,0.274121094,-0.966894531,0.070996094,-73.6634506,-15.78280639
-58,47.6,-38.2,0.407373047,-0.988671875,-0.060791016,-67.36599938,-22.30977496
-12,18.4,-1.2,0.859570313,-0.410546875,-0.324316406,-24.02330434,-58.65136215
1.4,3,35.4,0.7703125,-0.452441406,-0.268261719,-29.09697277,-55.57013789
-9.2,4,3.6,0.254199219,-0.994433594,-0.052880859,-74.87645086,-14.26685904
-44.2,38.2,-34.4,0.321044922,-0.998632813,-0.101806641,-71.13738733,-17.68128893
-19.2,20,-0.2,0.851025391,-0.241894531,-0.35390625,-14.69636715,-63.25277994
43,-0.6,84.8,0.675927734,-0.707568359,-0.146972656,-44.92655971,-43.47418686
-12.4,15.8,0,0.247802734,-0.971142578,0.015966797,-75.60907352,-14.30376269
-62.6,43,-68.4,0.679394531,-0.769580078,-0.148291016,-47.65175709,-41.11612016
-8.8,14.2,1,0.885351563,-0.429736328,-0.161914063,-25.51237625,-62.59236057
14.4,-8.6,29.6,0.357568359,-0.975488281,-0.009033203,-69.72709398,-20.14066754
-18.6,21.6,-10.6,0.277734375,-0.9921875,0.02890625,-74.04575515,-15.60211719
-35,32.4,-46.2,0.822167969,-0.411523438,-0.11171875,-26.27417207,-62.49967241
24.4,0.2,57,0.79375,-0.472998047,-0.073876953,-30.34245091,-58.91358734
-10.4,10.2,4,0.262744141,-0.978808594,0.096386719,-74.00870385,-14.95562692
-25.4,28.8,-19.2,0.293701172,-1.019580078,0.0046875,-73.339817,-15.99171789
-22.4,37.6,-15.2,0.896875,-0.262695313,-0.041357422,-16.25965655,-73.44340289
-3.6,8.4,14.4,0.914550781,-0.301953125,-0.084912109,-18.20186367,-71.00269089
4,-2.6,25,0.290673828,-1.025878906,-0.085449219,-73.27594522,-15.68166217
-24,32.6,-17.4,0.268359375,-1.017871094,-0.061914063,-74.81982992,-14.69547427
-24.6,27.8,-6.4,0.844091797,-0.451611328,-0.100683594,-27.93124204,-61.29437191
5.6,3.8,39.6,0.804785156,-0.418603516,-0.126220703,-27.33196517,-61.27709135
-11.8,12.4,5.2,0.253515625,-0.965966797,0.010888672,-75.23148859,-14.70927513
-54.4,45.4,-60.8,0.571533203,-0.810498047,-0.131201172,-54.01899736,-34.91638059
-13.6,19.6,-6.2,0.885791016,-0.452490234,-0.147363281,-26.72178435,-61.74183381
46.6,-28.8,60.4,0.440576172,-0.967578125,-0.049072266,-64.72913026,-24.30933345
-11.8,16.8,-0.4,0.239746094,-0.98046875,0.033203125,-76.0252847,-13.73298919
-67.2,36,-65.2,0.767626953,-0.600585938,-0.140039063,-37.34584256,-51.35649423
-11.2,16.4,-0.4,0.904003906,-0.343945313,-0.319628906,-19.72815733,-62.53977815
34.4,-7,51.8,0.7625,-0.566650391,-0.170019531,-35.80034142,-51.82900317
-10.4,16.4,1.2,0.270068359,-0.965625,-0.035595703,-74.23629775,-15.60909121
-41.2,47.2,-32.8,0.370361328,-0.998974609,-0.118164063,-68.66785483,-20.19225815
-14,24,-3.6,0.900048828,-0.221679688,-0.271435547,-13.27820509,-68.7063108
49.2,-7.4,67.8,0.789111328,-0.567578125,-0.214257813,-34.13150607,-52.84298881
-11.6,13,1.8,0.295117188,-0.95234375,-0.076611328,-72.1920321,-17.15343012
-58.2,43,-56.6,0.487841797,-0.894238281,-0.129101563,-59.98338896,-28.52293887
-6.8,17.6,1.8,0.957568359,-0.249755859,-0.188232422,-14.33855998,-71.91420116
35.6,-12.2,59.2,0.622705078,-0.875878906,-0.208349609,-52.72412344,-34.17446719
-12.8,17.2,2,0.308300781,-0.951318359,-0.070898438,-71.60128182,-17.90989368
-63.2,56.6,-76.2,0.756494141,-0.611621094,-0.139453125,-38.50846522,-50.25668387
-5.6,13,1,0.981396484,-0.154980469,-0.143066406,-8.866670241,-77.83990089
8.6,-10,25.8,0.395947266,-1.015185547,-0.075048828,-68.09948996,-21.30513686
-32.6,37.8,-36.8,0.433349609,-1.009765625,-0.150292969,-65.45220937,-22.9268763
-22.8,20.4,-13.8,0.936279297,-0.180126953,-0.064892578,-10.83140037,-78.39912741
12.6,-7.8,72,0.848291016,-0.267724609,-0.088623047,-17.0388996,-71.96442393
-12.8,13.2,5.6,0.328173828,-0.943457031,-0.088671875,-70.10682152,-19.09833197
-56,53.4,-66.6,0.679980469,-0.676708984,-0.197851563,-44.14175805,-43.4733135
-11.6,16.6,-4,0.985742188,-0.160791016,-0.096337891,-9.222623394,-79.20276369
-4.8,7.4,23.6,0.933496094,-0.198925781,-0.131494141,-11.94304694,-75.57956199
0.4,-12.2,11.6,0.348779297,-1.010009766,-0.175,-68.57073022,-18.69368229
-22.2,37.4,-17.4,0.341064453,-0.999267578,-0.087939453,-70.55652215,-18.68342038
-15.4,21.2,-22,0.944042969,-0.121435547,-0.030078125,-7.353198937,-81.98289363
-8.2,14.4,9.6,0.951367188,-0.150878906,-0.090820313,-8.99681612,-79.43318451
13.2,-1,29.2,0.408447266,-1.019287109,-0.216845703,-65.14635862,-21.12285115
-24.6,31.8,-23.4,0.38828125,-0.972851563,-0.193603516,-66.01485978,-21.32374668
-20.8,32.6,-22,0.92109375,-0.130371094,-0.123632813,-7.988570361,-78.87609007
-10.8,6,5.6,0.962744141,-0.121044922,-0.149902344,-7.029288784,-78.46333829
13.2,-1.8,49,0.489208984,-0.973828125,-0.147216797,-61.71330006,-26.60486505
-10.6,18,-0.4,0.314794922,-0.954248047,-0.135205078,-70.24095065,-18.08706191
-60.2,54,-73.4,0.696923828,-0.748095703,-0.18671875,-45.86498595,-42.19145345
-11.2,12.6,3.4,0.987109375,-0.233447266,-0.093066406,-13.2339747,-75.70358837
46,-24.8,62.2,0.531103516,-0.901123047,-0.07890625,-58.93294981,-30.18210433
-18.4,18.4,-8,0.378320313,-0.97734375,-0.009472656,-68.878385,-21.06547662
-40.8,19,-27.8,0.901367188,-0.156494141,-0.157910156,-9.653028501,-75.5222656
43.6,-10,61.6,0.816601563,-0.466357422,-0.234570313,-28.7064357,-57.27228522
-11.8,19.6,2.2,0.324658203,-0.94609375,-0.122363281,-69.84030582,-18.79094672
-76.4,65.6,-82.6,0.695507813,-0.684082031,-0.161425781,-43.76667379,-44.63499865
-12.4,16.8,1.8,0.980371094,-0.162304688,-0.103515625,-9.347783077,-78.82986661
17.6,-7.8,65.2,0.843701172,-0.393066406,-0.157373047,-24.36049882,-63.57376394
-11.4,7.4,3.2,0.320263672,-0.943115234,-0.107519531,-70.19900535,-18.61242653
-43.8,54.8,-50.4,0.462988281,-0.961816406,-0.144970703,-62.82358583,-25.50242041
-14,14,-7.2,0.941650391,-0.250585938,-0.090234375,-14.82486599,-74.08041483
20.8,-12.8,68.8,0.797167969,-0.375927734,-0.084326172,-24.8664536,-63.95910925
-11.4,14.6,1.4,0.306982422,-0.945800781,-0.122314453,-70.67574628,-17.83414463
-55,72,-66.8,0.524560547,-0.888525391,-0.04375,-58.59858529,-30.62727217
-14.8,21,1.4,0.959960938,-0.267382813,-0.079980469,-15.5021061,-73.72062534
-4.8,4,16.6,0.885791016,-0.243408203,-0.122070313,-15.26332306,-72.84329126
-3.8,-5.4,2.2,0.353515625,-0.953173828,-0.163476563,-67.68697264,-19.97723792
-46.4,50,-39,0.446435547,-0.981152344,-0.205322266,-63.23032714,-24.08491678
-9.6,5.4,3.4,0.865039063,-0.271484375,-0.31015625,-16.44191866,-64.45341697
52.8,-42.8,69.8,0.662060547,-0.646972656,-0.291650391,-40.41116427,-42.618873
-10.2,22,0.6,0.297753906,-0.935449219,-0.188330078,-69.35496379,-17.33203553
-36.2,42.4,-26.4,0.828173828,-0.288085938,-0.254199219,-18.19402256,-64.29910024
-11.6,17,-2,0.91171875,-0.31953125,-0.292773438,-18.45109811,-64.57422191
46,-35.8,66.4,0.626367188,-0.837695313,-0.284960938,-49.76352385,-35.36223944
-11,16.4,0.2,0.317919922,-0.952539063,-0.143115234,-69.88859436,-18.26279761
-13.4,19.6,-2.4,0.324023438,-0.955175781,-0.144580078,-69.6169788,-18.52736762
-60.2,37.6,-63,0.722949219,-0.678710938,-0.273339844,-41.10016545,-44.48180246
-11.8,15.6,1.2,0.950244141,-0.213037109,-0.265136719,-12.18435868,-70.3016761
-4.4,16,6.2,0.919091797,-0.222705078,-0.255224609,-13.12888201,-69.78788884
16.4,-5.4,33.6,0.415576172,-0.981054688,-0.160546875,-64.87432842,-22.82173158
-11.8,15.8,0.2,0.327441406,-0.942578125,-0.126855469,-69.56613234,-18.9915537
-12,17,-0.4,0.331591797,-0.943847656,-0.116455078,-69.57738547,-19.22172524
-71,51.6,-76.8,0.666894531,-0.735107422,-0.282470703,-45.26188995,-40.31684932
-12.4,16.8,-2.2,0.94296875,-0.257666016,-0.246777344,-14.80331627,-69.27470282
-3.2,12.8,6.4,0.914160156,-0.275634766,-0.23515625,-16.27918455,-68.36275781
6.8,-0.8,25.4,0.379833984,-1.001123047,-0.126806641,-67.99698501,-20.56161755
-12,17.6,-1,0.307470703,-0.944824219,-0.138037109,-70.36305811,-17.8484521
-48.8,42.8,-46.4,0.648144531,-0.740429688,-0.237353516,-47.11109935,-39.66022493
3.8,-7,1.6,0.918115234,-0.241259766,-0.329638672,-13.64649923,-65.85580735
31,-24.2,58.2,0.734570313,-0.542041016,-0.354003906,-33.19314875,-48.95774015
-8,14.2,-0.8,0.256445313,-0.947998047,-0.228857422,-69.85818061,-14.74736213
-34.8,49.2,-35.6,0.376513672,-0.973242188,-0.262890625,-64.51344067,-20.46289563
-25.4,31.4,-24,0.942041016,-0.065429688,-0.198535156,-3.854309367,-77.33169068
18.2,5.4,38.2,0.904980469,-0.181103516,-0.194628906,-11.09001165,-73.41356284
-8.8,7.4,5,0.360302734,-0.923339844,-0.142480469,-67.20300234,-21.07203678
-30.6,40,-37.6,0.459326172,-0.943212891,-0.148486328,-62.83444733,-25.71530243
-8.6,34.8,-18.4,0.959375,-0.055566406,0.025048828,-3.194059596,-85.64826842
-11.8,6.6,21.6,0.964794922,-0.125537109,0.046289063,-7.403895028,-81.90468438
7.2,-4.2,44.6,0.525146484,-0.89375,-0.084814453,-59.18627192,-30.28359153
-11.4,15.6,0.2,0.332470703,-0.938916016,-0.089990234,-69.84401211,-19.41578343
-14.4,25.4,-1.2,0.324609375,-0.950390625,-0.1046875,-69.98221257,-18.70022563
-20,35.4,-83.4,0.854833984,-0.482226563,0.024609375,-28.40177592,-60.06440725
-15.4,15.8,9.6,0.974121094,-0.146044922,0.154052734,-8.422889329,-77.70370133
-5.8,-17.8,57,0.809375,-0.605957031,-0.091601563,-36.21872174,-53.1461259
-15.4,24.6,5,0.340625,-0.923193359,-0.124804688,-68.54517753,-20.07056209
-11,17.4,-0.8,0.326220703,-0.938378906,-0.131298828,-69.45432383,-18.99774189
-38.4,26.4,-37.2,0.544628906,-0.821679688,-0.190771484,-54.81723937,-32.82548281
-23.2,11.4,-8.4,0.898681641,-0.309033203,-0.323095703,-17.90670529,-63.43112681
-10.4,21,2.2,0.894189453,-0.310644531,-0.345751953,-17.94680159,-62.5153869
35.6,-15.4,67.2,0.608789063,-0.740429688,-0.258398438,-47.74555444,-37.66697772
-11,19.6,-0.8,0.297900391,-0.949023438,-0.136767578,-70.92622437,-17.25699783
-11.8,16,-0.2,0.287988281,-0.954492188,-0.147167969,-71.27754766,-16.60446571
-38,39,-49.6,0.510888672,-0.86171875,-0.187158203,-57.54587752,-30.18573529
-22.4,23.4,-11.8,0.914306641,-0.286962891,-0.256347656,-16.7751324,-67.12011503
10.2,18,32.8,0.855957031,-0.335644531,-0.205322266,-20.85996448,-65.1723631
-8.8,23.4,0.8,0.426123047,-0.928417969,-0.20234375,-62.99534447,-24.14418318
-38.2,21.8,42.2,0.233154297,-1.020117188,-0.478027344,-61.64689001,-11.85191064
-10,-35.2,-13,0.229980469,-0.847802734,-0.175732422,-69.95801377,-14.70937621
-71.4,23.2,-28.2,0.426513672,-0.085205078,-0.972998047,-4.410073111,-23.52603714
50.6,12.6,44.6,0.421582031,-0.093408203,-0.981201172,-5.109079361,-22.97170017
-12,23.2,-1.4,0.160205078,-0.998144531,0.007617188,-80.42079072,-9.13849041
-27.8,29.6,-1.8,0.147412109,-0.983740234,-0.034228516,-79.15060243,-8.404666291
-105.2,12.8,-45,0.394970703,-0.517333984,-0.762988281,-31.12033333,-22.83912853
21.6,5.4,39,0.5546875,-0.027734375,-0.874658203,-1.214224958,-32.221943
30.2,31,6.8,0.132177734,-0.972412109,-0.018261719,-79.33011268,-7.64670972
-18.8,8,7.8,0.234521484,-0.992626953,-0.06328125,-76.01490608,-13.28961412
-98.6,20,-22.2,0.381445313,-0.400976563,-0.819433594,-24.21520372,-22.51588239
29.8,7.6,18.8,0.581835938,-0.126367188,-0.951416016,-6.278342705,-31.1931503
9.8,14.2,10.8,0.212841797,-0.978955078,-0.003466797,-77.39855405,-12.20254752
-16.6,14,-4.6,0.214306641,-0.984472656,-0.023291016,-77.54826247,-12.27495037
-49,63.2,-46.8,0.707861328,-0.556542969,-0.391308594,-34.29466413,-46.16669881
-0.8,-4.2,32.4,0.881103516,-0.246875,-0.246435547,-15.15555883,-68.27916894
17.2,3.2,11.6,0.158496094,-0.977246094,-0.060302734,-78.87430797,-9.018096685
-22.8,13.8,-11.2,0.179736328,-1.000439453,-0.049169922,-79.46309891,-10.15476661
-95,24.8,-32,0.470654297,-0.466699219,-0.788085938,-27.21172107,-26.82933263
61.6,20.6,49.6,0.480566406,-0.515380859,-0.721533203,-30.77628742,-28.10793018
-14.2,12.6,-13.6,0.158203125,-1.000146484,0.020166016,-80.75856466,-8.984952163
1.4,-8.2,-1.6,0.318896484,-0.897265625,-0.249609375,-65.17537921,-18.84758899
-12.2,37.8,2.8,0.218457031,-0.986035156,0.088134766,-76.38359135,-12.41236284
-73.4,6.2,-54.4,0.433154297,-0.788769531,-0.267529297,-57.17412353,-27.35891934
-9.8,27.8,-4.8,0.851708984,-0.013623047,-0.549902344,-0.730448853,-57.12079784
38,2.8,31.6,0.173730469,-0.938134766,-0.141601563,-76.34068493,-10.41198068
-14,20,0,0.166796875,-0.980859375,-0.121972656,-78.09609259,-9.57749474
-31.8,4.4,-26,0.241894531,-0.935644531,-0.201660156,-71.12178035,-14.18359092
-55,26.2,-15.8,0.669677734,-0.0203125,-0.854101563,-1.002542988,-38.13256478
53.8,1,37,0.582568359,-0.20234375,-0.889306641,-10.89667875,-32.29061512
-13.8,19.4,-2.2,0.105126953,-0.987597656,-0.123144531,-79.76260042,-6.008657293
-17.6,17.4,-0.6,0.097753906,-0.973925781,-0.209375,-76.60624117,-5.604546513
-87,32.6,-53,0.520458984,-0.363476563,-0.888916016,-19.4120089,-28.16599808
39,1.8,49.6,0.708691406,-0.220654297,-0.792773438,-11.76467779,-40.47448704
-20.8,0.2,2.2,0.136279297,-0.973535156,-0.054345703,-81.18325456,-7.922990153
-11,19.6,-0.2,0.133251953,-0.985253906,-0.122460938,-79.19513674,-7.631877058
-58.8,23.2,-73.2,0.280859375,-0.808789063,-0.32421875,-61.41532476,-17.75710333
-12.2,13.4,2,0.822558594,-0.312353516,-0.511230469,-17.87595085,-53.89595443
45.8,-4.2,50.6,0.393212891,-0.815771484,-0.389208984,-56.12412613,-23.24253813
-10.4,17.4,-0.2,0.129248047,-0.962158203,-0.218408203,-75.21658064,-7.451004725
-23.6,18.8,-12.6,0.149658203,-0.9421875,-0.260546875,-72.25400139,-8.738638535
-50.2,32.4,-22.4,0.695214844,-0.030175781,-0.814257813,-1.59907439,-40.36815284
68.2,4.6,81,0.563232422,-0.325244141,-0.80859375,-18.60534056,-31.95014992
-15.8,19.2,-1.8,0.210693359,-0.971386719,-0.142285156,-75.16946666,-12.10398072
-29.2,18.8,-17.8,0.270263672,-0.932714844,-0.229052734,-69.08583086,-15.71047386
-37.8,32.6,-19.4,0.743652344,0.017724609,-0.727099609,1.049408125,-45.60542766
81.2,32.2,64,0.384716797,-0.696337891,-0.425634766,-50.41574297,-24.7460786
-12.8,20.2,-1,0.230419922,-0.965136719,-0.16328125,-73.65263723,-13.24149677
-33.8,24,-23.6,0.306835938,-0.927490234,-0.222021484,-67.62114701,-17.93677252
-26.4,28.2,-17,0.759863281,0.101855469,-0.702929688,5.58899577,-46.90690467
62.6,20.8,71.8,0.364794922,-0.711523438,-0.406689453,-52.49730083,-23.68221003
-8.8,17.6,2.2,0.109130859,-0.993115234,-0.181298828,-77.58625224,-6.154796857
-54,21.6,-62.4,0.262060547,-0.853320313,-0.291308594,-64.41451244,-16.60246178
-25,17.8,2.2,0.7984375,0.070996094,-0.66796875,3.867846228,-49.94561893
63.2,15.8,85.6,0.347998047,-0.751611328,-0.381298828,-55.88981259,-21.94549566
-12.2,21,0.4,0.079150391,-0.979589844,-0.205322266,-77.30930571,-4.521305528
-23.6,19.4,-6.4,0.121044922,-0.969775391,-0.24296875,-74.4305913,-6.836226041
-28.8,35,-65.4,0.735400391,-0.216162109,-0.723876953,-11.47659489,-44.40379305
67.8,5.2,78,0.710253906,-0.459179688,-0.5671875,-27.43692687,-43.09066969
-16,16.2,2.6,0.131396484,-0.990820313,-0.154101563,-78.17674397,-7.450005406
-13.8,19.8,-2,0.158251953,-0.976904297,-0.180517578,-76.18785347,-9.050934695
-90.8,10.6,-57.8,0.306933594,-0.759570313,-0.393603516,-56.63277013,-19.48480697
7.8,20.4,31.4,0.698339844,0.295361328,-0.777490234,15.80611155,-39.92783279
33.2,14.4,30.8,0.262451172,-0.932958984,-0.147412109,-71.48556862,-15.3975794
-16.2,16.8,1.2,0.147216797,-0.978710938,-0.155371094,-77.59925114,-8.446901484
-116,-10.4,-73.4,0.354443359,-0.644580078,-0.539794922,-45.63777506,-22.13148226
47.8,10,58.8,0.668847656,-0.217382813,-0.815087891,-12.03170708,-37.86758669
-4.6,29.2,7.6,0.135839844,-0.989648438,-0.093554688,-80.03864294,-7.791050233
-10.8,28.6,-2.8,0.232519531,-0.939941406,0.071777344,-74.86227527,-13.8991792
-33.6,6.2,-70,0.479248047,-1.00078125,0.043017578,-63.44032059,-25.65125305
-6,9.4,12.4,0.893066406,-0.408251953,0.033544922,-24.531361,-65.36466459
-12.4,25.8,16,0.172802734,-1.0328125,0.039257813,-79.59789048,-9.433779153
-26.6,18.2,-87.4,0.423486328,-0.941357422,0.001123047,-65.21317085,-24.58793241
-14.4,15.4,-5.8,0.901953125,-0.399609375,0.053564453,-23.85968065,-65.90804099
-7.8,24.4,40.8,0.332080078,-0.987158203,-0.006494141,-70.5948113,-18.73930107
-5.2,20.8,-2.8,0.230712891,-0.959082031,-0.016015625,-76.17585989,-13.49752938
-12.2,22.2,5.4,0.277832031,-0.969189453,0.081054688,-72.90797779,-15.81347029
-30,31,-78,0.546435547,-0.836523438,-0.075488281,-56.35284471,-33.15641999
-12.2,20.4,-0.4,0.933740234,-0.350097656,0.10703125,-20.4208551,-68.59325448
10.6,-7.4,63.4,0.332666016,-1.012792969,0.037451172,-71.47308863,-17.99185409
-15.4,20.4,0.6,0.216748047,-0.976757813,0.097167969,-76.30309045,-12.44534731
-23.2,39.6,-66.4,0.646679688,-0.720947266,-0.107275391,-47.49568705,-41.52958965
-9.2,15.4,1.2,0.948095703,-0.291503906,0.164453125,-16.85001698,-70.55697282
4,2.4,52,0.302832031,-1.014208984,0.018994141,-73.1439483,-16.56095995
-21.4,23.6,-8.2,0.232519531,-0.983544922,0.053076172,-76.33722969,-13.28338573
-12.6,40.4,-66,0.718554688,-0.665478516,0.049511719,-42.72003948,-47.10472725
-13.2,16.4,1.2,0.905517578,-0.420214844,0.109082031,-24.73499255,-64.37538124
-57.4,2,7.8,0.692529297,-0.282958984,-0.785986328,-15.13454194,-39.62561344
66.4,13.4,36,0.327441406,-0.728027344,-0.772167969,-41.27251134,-17.18226777
-14.2,24.2,0.6,0.172265625,-0.998974609,0.061132813,-79.54439913,-9.767826086
-22.2,18,-3.8,0.228808594,-0.977636719,-0.023535156,-76.5020197,-13.17681758
-87.2,39.6,-70.4,0.530517578,-0.458544922,-0.730566406,-27.19991902,-31.23806489
4.6,2,19.6,0.880419922,0.071826172,-0.535498047,4.014676769,-58.5222914
49.2,25.6,34.4,0.293261719,-0.906298828,0.013037109,-68.66607911,-17.52408066
-13,16.4,0.4,0.209570313,-0.979492188,0.110693359,-76.38670224,-12.00023184
-34.4,4,-15.2,0.244189453,-0.969921875,0.039892578,-75.37717721,-14.11347591
-66.6,59.2,-35.6,0.845751953,-0.028759766,-0.672412109,-1.468433929,-51.41092941
21.2,-27,66.8,0.702636719,-0.115917969,-0.766455078,-6.36425822,-41.74949062
23,9.2,6.6,0.244775391,-0.923144531,-0.081982422,-73.98831419,-14.80429478
-16.4,17.2,-2.4,0.170361328,-0.990478516,-0.035205078,-79.57368051,-9.740826993
-99,10.8,-56.8,0.392919922,-0.696875,-0.514550781,-47.33047531,-24.06272924
-9.6,14.8,7.6,0.903369141,0.005761719,-0.448291016,0.337188805,-63.55273104
95,7.6,60,0.458251953,-0.726025391,-0.420458984,-49.975449,-27.63497183
-17.6,20.6,-0.6,0.190576172,-0.983251953,-0.039941406,-78.74324379,-10.95790872
-30.8,19,-15,0.277001953,-0.957470703,-0.119042969,-71.82885829,-16.0153293
-41.2,61,-5.2,0.921337891,-0.301757813,-0.323876953,-16.96115735,-64.02829005
2.4,-12.4,54.8,0.906445313,-0.36640625,-0.3078125,-21.090912,-61.70903809
10,20,4,0.265429688,-0.948339844,0.006396484,-73.52062953,-15.64407334
-36.4,3.2,-15.4,0.4109375,-0.889892578,-0.149414063,-63.72193862,-24.46598546
-23.2,53.8,-51,1.047998047,-0.162158203,-0.047167969,-8.644958714,-80.44981835
9.6,-29,66.8,0.937011719,-0.371630859,-0.243261719,-20.93762493,-63.4039158
-16.8,14.8,1.2,0.220019531,-0.969677734,0.071630859,-76.16736755,-12.77084094
-3.8,33.4,-19.4,0.24609375,-0.969970703,0.086083984,-74.12006013,-14.08376229
-66.2,52.2,-42.6,0.806591797,-0.607714844,-0.06328125,-36.9042739,-52.62904977
-24.2,-13.8,50.2,1.022949219,-0.361914063,0.082763672,-19.29873652,-69.88946947
4.4,8.2,10.6,0.174121094,-0.954980469,0.127929688,-76.81407843,-10.2882692
-27.8,16.2,-26.4,0.213232422,-0.929736328,0.046240234,-76.17165028,-12.97404387
-24.2,44.8,-24.6,1.029785156,-0.281445313,0.200390625,-15.2167955,-70.53118901
5.8,-13,97.4,0.718847656,-0.778808594,-0.1671875,-46.44196592,-41.83494169
-8.2,24.8,0.2,0.128027344,-1.006298828,0.209619141,-76.23330467,-7.121302542
-34.2,16.4,-47.8,0.317285156,-0.903857422,0.091699219,-69.35767618,-19.1324725
-18.6,29,-28,1.088964844,-0.035693359,0.093115234,-1.891033804,-83.59271564
3.2,-32,78.2,1.023486328,-0.277929688,-0.176171875,-15.1151429,-71.68265536
-4.2,21.2,2.4,0.140283203,-0.986132813,0.197900391,-76.0627254,-7.921149484
-33.2,5.2,-24.6,0.206933594,-0.936376953,0.146337891,-74.18041638,-12.29323362
-30.6,58.4,-46.8,1.040966797,-0.117919922,-0.114404297,-6.359771079,-76.29383058
-11,-15.6,47.6,1.01171875,-0.092236328,-0.138574219,-5.219808182,-80.32885839
26.2,-3,34.8,0.180810547,-0.918652344,0.147314453,-75.64167962,-11.03370149
-11.8,15,-2,0.099804688,-0.979394531,0.257666016,-74.25126253,-5.614654504
-48,60,-108.4,0.710009766,-0.531054688,-0.403466797,-32.52271334,-46.96166286
-16,10.8,-9.4,0.983789063,0.161132813,0.006298828,9.149300281,-80.57961394
38.8,18.2,99.4,0.411230469,-0.876855469,-0.001220703,-64.46959594,-24.77223195
-9.6,25,-14.2,0.062890625,-1.001025391,0.203759766,-77.93940411,-3.542512078
-47,-3.4,-21.8,0.310791016,-0.93828125,0.023046875,-70.99942017,-18.2291754
-39.6,56.2,-18.2,1.059619141,0.010400391,0.065087891,0.625328286,-81.93364632
-19,-49.2,71.6,0.981445313,-0.21875,-0.202636719,-12.40293276,-72.3225775
-2,13,3,0.17109375,-0.984521484,0.097558594,-78.3340497,-9.797898823
-27.4,8,-25.6,0.236621094,-0.951513672,0.097802734,-74.29905906,-13.96937097
18,68.8,-31.4,0.948388672,-0.482568359,-0.003173828,-26.50888568,-63.07005923
-30.2,-37,17.6,0.956005859,-0.475634766,-0.050927734,-26.3209477,-63.21896031
20.6,6.6,5.6,0.210986328,-0.932373047,-0.000488281,-76.23812992,-12.67770734
-22.8,-9.8,-48.4,0.346679688,-1.004394531,-0.009765625,-70.74812264,-19.01265886
-3.6,25.6,-8.2,0.879541016,-0.258789063,-0.010791016,-16.36737949,-73.35680653
3.2,18.2,33.6,0.286865234,-1.007958984,-0.002392578,-73.49420749,-15.91666215
-22.6,12.4,-77.4,0.481445313,-0.899511719,0.009130859,-61.38939393,-28.50112404
-11,4.8,-3.6,0.939794922,-0.381005859,-0.067626953,-21.93730857,-67.45832439
-11.2,23.6,70.2,0.773144531,-0.540966797,-0.015966797,-34.41067512,-55.26083045
-6.6,13.2,-2.4,0.183251953,-1.006835938,0.003564453,-79.33851298,-10.31521639
-25.4,16.2,-42.8,0.301416016,-1.000292969,-0.039697266,-73.15838572,-16.58080238
-0.6,3.2,-35.6,0.938867188,-0.326416016,0.089990234,-19.12363771,-70.06334739
-17.6,20.2,34.6,0.908447266,-0.287158203,-0.043457031,-17.48691898,-72.24475012
-3,2.6,39,0.201416016,-1.03359375,0.037353516,-78.1464588,-11.16503194
-26.6,34.2,-46.6,0.256494141,-1.001171875,0.041357422,-75.3161899,-14.40371995
-7.8,33,-35,0.874755859,-0.464208984,0.116357422,-27.76535,-61.13212941
-15,14.2,7.4,0.955566406,-0.324755859,-0.029785156,-18.75250533,-71.07459036
21.4,-41.8,43.8,0.251904297,-1.001074219,-0.073632813,-74.88683652,-14.29892958
-20.6,22.2,-7.6,0.174951172,-0.992138672,0.030517578,-79.82984746,-9.9906992
-4.4,36.2,-49.6,0.805859375,-0.514257813,-0.076123047,-32.54956424,-56.94166296
-17.8,16.6,11.8,0.985839844,-0.161035156,0.069042969,-9.242335027,-79.81807252
9,-22.4,79.2,0.533935547,-0.883007813,-0.003027344,-58.45485416,-31.37797282
-12,13.6,-1,0.128857422,-0.990625,0.076464844,-81.27649021,-7.384771549
-18.4,11.2,-10.2,0.167138672,-1.004589844,0.083447266,-79.35461381,-9.412643917
-11,32,-52.2,0.805859375,-0.517480469,0.018408203,-32.70632525,-57.21240744
-15.6,17,10,0.939453125,-0.340966797,-0.101416016,-19.84001655,-69.22061922
9.4,-16.6,53.4,0.34296875,-0.983154297,-0.012158203,-69.65463616,-19.28572685
-13.6,17.6,-1.4,0.190771484,-0.998046875,0.065966797,-78.55335904,-10.80291274
-27,54,-64.6,0.605419922,-0.798876953,-0.034765625,-52.88896095,-37.011062
-21.6,10.2,-0.6,0.951464844,-0.246923828,0.064550781,-14.50640365,-74.93605879
-10,-1.8,62,0.769677734,-0.541796875,0.021630859,-35.26588559,-54.50039702
-8.2,11.2,0,0.162695313,-0.993310547,0.032958984,-80.32616204,-9.290848319
-46.8,58.4,-64,0.319482422,-0.997070313,-0.022021484,-71.69082698,-17.83570001
-30.8,12.8,-22.4,0.940380859,-0.303076172,-0.114404297,-17.70630573,-70.57198945
13.8,23,36.6,0.824902344,-0.390039063,-0.042675781,-25.30987949,-64.36273695
-3,-7,21.8,0.201904297,-1.016015625,0.002490234,-77.74485106,-11.15179733
-14.2,13.6,-2.6,0.12890625,-0.999121094,0.085058594,-81.03949845,-7.31439881
-29.8,53,-76.8,0.768359375,-0.608935547,-0.044921875,-38.25252022,-51.57542207
-12.4,17.6,1.2,0.973144531,-0.212402344,0.054541016,-12.29287725,-77.26547889
-9.2,13.6,11.4,0.949658203,-0.246337891,0.029931641,-14.56316869,-75.16706331
14.2,-31.4,46.8,0.250976563,-1.030078125,-0.032763672,-74.8919585,-13.57301575
-13.4,20.2,0.2,0.140478516,-1.002148438,0.032958984,-81.73189537,-7.970726897
-50.2,59.4,-83.4,0.610205078,-0.810595703,-0.138769531,-52.23541092,-36.57829722
-21.2,17,-1,0.992333984,-0.170654297,-0.049316406,-9.775316373,-79.51312882
21.4,21,62.4,0.856689453,-0.441259766,0.029882813,-26.88392984,-62.61190447
-0.6,-6.8,12.8,0.130615234,-1.004443359,0.08125,-80.93656382,-7.385496735
-16.2,18,-4.6,0.123535156,-0.996630859,0.092675781,-81.14514779,-7.037624761
-16.4,54.6,-70.6,0.8609375,-0.412353516,0.128564453,-25.47759835,-62.96169931
-9.8,11.2,5,0.95859375,-0.124755859,0.243310547,-7.205422303,-74.02109268
8,-36.6,70.6,0.366845703,-0.981396484,0.031884766,-69.21170902,-20.47893843
-12,15.4,0.6,0.159521484,-0.995117188,0.026171875,-80.74615412,-9.100101093
-32.2,63.4,-108.8,0.694091797,-0.722412109,-0.082226563,-45.26872441,-44.31529996
-22.6,6.8,1.2,0.99765625,-0.098974609,0.062597656,-5.646276666,-82.49519587
16.8,-21,101.6,0.687988281,-0.71953125,-0.015625,-46.30906072,-43.13757583
-12.6,21.8,-2,0.160595703,-0.998242188,0.053808594,-80.22072756,-9.128574266
-32.2,37.8,-18.2,0.247363281,-0.987695313,0.018164063,-75.53805641,-14.02866429
-41.8,41.6,-65.2,0.825,-0.499902344,-0.040917969,-31.06425672,-58.74914443
-8.2,17,17,0.908251953,-0.294726563,-0.124951172,-17.83021758,-70.54824695
3.6,-6.8,28.8,0.2625,-0.990966797,-0.054345703,-74.69878403,-14.74036902
-12.4,17.8,-0.2,0.160839844,-0.994433594,0.071191406,-79.94579892,-9.16399156
-38.6,32.6,-60.8,0.362890625,-0.987158203,-0.107519531,-68.89134651,-20.12411168
-8.6,23.6,-14.4,0.968603516,-0.095117188,0.073046875,-5.544716872,-82.84535509
14.8,-11.2,59.8,0.872802734,-0.303564453,0.080517578,-19.39391972,-69.28529558
-0.6,-0.2,17,0.240771484,-1.019482422,0.003173828,-76.15702936,-13.16212905
-29,32.2,-33,0.285400391,-1.033154297,-0.025878906,-74.6361041,-15.20333456
-14.8,12,-8.2,0.951123047,-0.296582031,-0.002099609,-17.3025264,-72.45949983
-15.8,16.6,6.6,0.921142578,-0.289306641,0.052099609,-17.41199082,-72.20703463
16,-21.8,44.2,0.244238281,-1.03984375,-0.026367188,-76.18892639,-12.91032229
-11.6,18.6,0.8,0.119238281,-1.001513672,0.006884766,-83.15334313,-6.787994497
-23,20.6,-11.4,0.138720703,-1.014013672,-0.024804688,-81.92465938,-7.762656581
-45.8,27,-66.8,0.75078125,-0.526953125,-0.210351563,-34.10754586,-52.59954383
-15,21,3.6,0.936572266,-0.236376953,-0.260107422,-13.65593822,-69.36396584
32,-24,68.2,0.384130859,-0.990332031,-0.097607422,-68.02416292,-21.20482311
-13.6,22,-1.6,0.123339844,-1.002490234,0.019091797,-82.85557262,-7.012095628
-39.2,21.6,-62.4,0.348144531,-0.969140625,-0.134814453,-68.77995483,-19.59415263
-30.6,26.4,-32.8,0.946875,-0.146533203,-0.094433594,-8.644913771,-79.36237681
-10.6,20.2,4.8,0.981640625,-0.165136719,-0.014208984,-9.548974488,-80.28654648
11.2,-14.2,57,0.341845703,-0.983251953,-0.058105469,-70.53295001,-18.89825745
-12.2,17.6,-0.4,0.131835938,-0.993212891,-0.017138672,-82.34159021,-7.557830444
-8.4,17.6,-2.2,0.136474609,-0.994873047,-0.015380859,-82.01093597,-7.802154106
-26.8,51.6,-81.8,0.861962891,-0.354150391,-0.021386719,-22.04981883,-67.16308526
-15,17,1.8,0.9828125,-0.209716797,0.080078125,-12.00353478,-77.07872891
16,-23.8,81.8,0.643603516,-0.824853516,-0.015332031,-51.37149218,-38.34891054
-13.8,23,-1.2,0.081103516,-1.00859375,0.0109375,-85.16275132,-4.59058981
-12.6,17,-0.6,0.096240234,-0.997949219,0.000439453,-84.34672941,-5.510944696
-20.6,66,-109.4,0.785449219,-0.561474609,-0.014013672,-35.69905084,-54.14982576
-15,13,6.2,0.975244141,-0.08984375,0.288427734,-5.036927963,-72.72079933
7,-13.6,82,0.796142578,-0.652978516,0.09296875,-39.3998839,-49.96421074
-10,8.6,5.8,0.152246094,-1.000830078,0.038037109,-80.54553411,-8.623751721
-25.8,22.4,-58.2,0.295166016,-1.055078125,0.007666016,-74.18405655,-15.56610389
-19,49,-25.8,0.908398438,-0.050048828,0.166162109,-3.040057164,-76.08875384
-9.6,6,37.6,0.864257813,-0.190332031,0.203515625,-12.1560116,-71.98226205
-1.2,-19.8,19.4,0.190136719,-1.012988281,-0.018994141,-78.3649768,-10.58471195
-11,19.2,-1,0.156494141,-0.993603516,0.029931641,-80.82366592,-8.943553439
-31.6,45,-60.4,0.320410156,-1.035400391,-0.009960938,-72.58198117,-17.20313328
-11.2,21.6,-14.6,0.886865234,-0.200830078,0.298291016,-12.14845475,-67.87320149
-32.4,-21,64.8,0.77890625,-0.388427734,0.259521484,-25.9087814,-58.22622296
-9,15.2,-0.4,0.092773438,-1.016796875,0.032568359,-84.07240612,-5.20568108
-11.8,14.8,-4,0.101953125,-1.018945313,0.033544922,-83.90402752,-5.713727214
-2.6,58,-56.6,0.895947266,-0.354736328,0.155517578,-21.44168743,-65.68151104
-14.4,22.2,1.6,0.957714844,-0.221533203,0.245605469,-12.61202185,-70.95769618
-15.6,-19.2,91.2,0.754345703,-0.696191406,0.099755859,-41.79152564,-47.52395214
-13.2,20,-1,0.171679688,-0.987548828,-0.00546875,-80.08513896,-9.856994965
-20.4,27.8,-27.8,0.235205078,-1.009960938,-0.017626953,-76.84415028,-13.04282615
-6,27.8,-40.8,0.881494141,-0.149755859,0.188574219,-9.587167,-74.3040278
-13.4,14.6,13.8,0.935205078,-0.140771484,0.235205078,-8.321956322,-73.61265554
-6.2,-20.8,40,0.259326172,-1.021142578,0.011132813,-75.54982629,-14.13298987
-12.2,16.4,-0.4,0.194042969,-0.984716797,0.050341797,-78.48025392,-11.13128048
-49.6,41,-67.8,0.392626953,-1.014746094,-0.039794922,-68.61277488,-21.18851721
-17,26,-9,0.947998047,-0.113232422,0.180029297,-6.699329037,-77.26423446
-8,9,21.4,0.916455078,-0.270068359,0.149267578,-16.25294406,-71.30343273
-9.4,-14.2,26.4,0.245117188,-1.014208984,-0.011767578,-76.17517998,-13.56153538
-12.4,17.4,0.4,0.214111328,-0.980908203,0.033105469,-77.53595853,-12.30648484
-33.2,58.4,-83.6,0.669384766,-0.72578125,-0.027148438,-47.073669,-42.76973221
-15,19.4,6.8,0.933251953,-0.262597656,0.297802734,-15.00421024,-66.91630811
-22.8,-25.2,102.4,0.683251953,-0.749951172,0.115234375,-46.70278786,-42.38143317
-11.6,21.4,2.8,0.188574219,-0.989599609,-0.021582031,-79.04074054,-10.76634187
-11.2,17.8,-0.4,0.192041016,-0.988378906,-0.018994141,-78.95050468,-10.99334436
-38.2,64.2,-85.4,0.521435547,-0.900244141,-0.077197266,-59.44497422,-30.15839683
-10.8,15,4.4,0.957910156,-0.279833984,0.166699219,-16.05466903,-71.19530041
-11.4,17,2.6,0.948193359,-0.315625,0.162011719,-18.16218335,-69.47753586
9,-29.6,84.4,0.559472656,-0.894335938,0.003857422,-57.70796552,-32.16448883
-13.4,22.4,-1.4,0.195166016,-0.979980469,0.049121094,-78.35208471,-11.24317549
-38,47.6,-48.6,0.306982422,-1.022802734,-0.022705078,-73.14070598,-16.76021329
-21.4,9,-9.4,0.9828125,-0.286474609,0.031347656,-16.06904296,-72.88872628
-3,-14.4,69.2,0.797460938,-0.364208984,-0.188330078,-23.74217428,-62.99945147
12,37.4,11.4,0.217431641,-1.014599609,-0.013574219,-77.22802434,-12.04043718
-5.6,1.6,3,0.268945313,-0.964550781,0.078417969,-73.66274544,-15.50336054
-38,43.6,-84.2,0.582910156,-0.850390625,-0.018359375,-55.45663673,-34.51139864
-12.2,18.4,5.4,0.926904297,-0.391162109,0.033105469,-22.85475859,-66.99152083
9.8,-17,71.4,0.490283203,-0.933984375,-0.004296875,-62.06299106,-27.8036225
-14.2,16,-0.4,0.218896484,-0.983154297,0.012695313,-77.38576457,-12.5507884
-17.8,15.2,-15.2,0.254443359,-1.003271484,-0.013623047,-75.65955173,-14.19578048
-10.4,31.2,-13,0.875878906,-0.406005859,0.124609375,-24.62604535,-64.13037716
-8.4,0.4,35.8,0.835400391,-0.499560547,0.081396484,-30.70668275,-58.68925717
-6.4,3.6,10,0.214990234,-1.003417969,-0.033447266,-77.56663593,-12.08417181
-12.6,18.6,0,0.201220703,-0.986083984,-0.000537109,-78.43755092,-11.53258185
-28.6,45.6,-52.6,0.781787109,-0.578710938,-0.034863281,-36.46314689,-53.23650524
-13.4,19,5,0.893261719,-0.45625,0.001123047,-27.0522375,-62.90498544
25.4,-38.6,67,0.436621094,-0.968261719,0.005615234,-65.0248587,-23.83725571
-9.4,20.8,0.2,0.237792969,-0.979296875,0.008691406,-76.32147986,-13.64543843
-40.6,50.2,-55,0.42734375,-0.977392578,-0.090625,-65.7815699,-23.59108212
-10,14,13.4,0.927636719,-0.361523438,0.012158203,-21.19011785,-68.54812829
-7,13.4,9.4,0.849267578,-0.463427734,0.016308594,-28.66716901,-61.25558575
-8.2,10.8,-0.6,0.226416016,-0.989257813,-0.046337891,-75.08529391,-12.87949921
-12,20,-0.2,0.233789063,-0.973632813,0.051904297,-76.12661654,-13.47638422
-13.4,16,-2.8,0.304248047,-0.959130859,0.0140625,-72.35777993,-17.58996741
-26.2,43,-39.2,0.811425781,-0.557128906,0.031005859,-34.47279671,-55.35865819
-12,14.8,1.2,0.883984375,-0.477099609,0.041748047,-28.32231602,-61.51285124
0.4,-14.4,48.2,0.751904297,-0.495263672,-0.037939453,-33.29295715,-56.54482142
-9.2,11.4,1.8,0.183349609,-0.992626953,-0.081933594,-78.54009645,-10.42891879
-12.6,21,-1,0.190869141,-0.987353516,-0.052539063,-78.64003844,-10.92471914
-36,30.4,-34.6,0.267773438,-1.018554688,-0.113134766,-74.02698078,-14.60088223
-17.4,24.8,-15.2,0.870654297,-0.418115234,-0.138818359,-25.39450813,-63.12907199
-2.2,12,12,0.862890625,-0.421337891,-0.130517578,-25.77335888,-62.83001805
3.4,-11.8,19.6,0.216894531,-1.025830078,-0.073876953,-76.61887708,-11.85845208
-13.2,15.8,-0.4,0.170556641,-0.992089844,-0.041357422,-79.95216219,-9.745938144
-47.6,46.4,-59.6,0.616699219,-0.776074219,-0.251855469,-49.21238556,-37.18055863
-12.6,16.2,0,0.912548828,-0.405859375,-0.179394531,-23.56533902,-64.05646045
-10.2,15.6,9,0.892138672,-0.413330078,-0.13515625,-24.64725728,-63.9623113
-6,-1.6,19.2,0.254443359,-1.010546875,-0.056835938,-75.30263271,-14.04395965
-12,14.8,1.4,0.213525391,-0.987695313,0.015283203,-77.73625394,-12.19624525
-34.2,30.4,-35,0.278320313,-1.034277344,-0.053369141,-74.51875414,-15.02567077
-16.4,29.2,-24.4,0.902197266,-0.292480469,0.058105469,-17.91786641,-71.61153232
-3,4.2,28.2,0.875292969,-0.335644531,0.06015625,-20.98231891,-68.59040348
-6.6,-6,13.2,0.197363281,-1.000195313,-0.030224609,-78.67774841,-11.10149254
-59,62,-21.4,0.347412109,-0.881201172,-0.268603516,-63.27184294,-20.88170056
-73.6,43.6,-51.6,0.566894531,-0.056982422,-0.871386719,-3.003790828,-32.69733982
-4.8,18.4,5.2,0.720556641,0.194873047,-0.699316406,10.97473537,-44.77364225
61.8,29,45.6,0.293261719,-0.849658203,-0.190380859,-67.53947674,-18.55312933
2.6,29.2,2,0.187890625,-0.994824219,0.066699219,-76.79781521,-10.56687237
-83.4,-4.4,-55.2,0.467041016,-0.735009766,-0.322021484,-52.22963749,-29.65206909
-12.8,21.6,-2.6,0.898046875,-0.091210938,-0.480957031,-5.106525538,-61.3017087
50,16.6,75.2,0.527636719,-0.684375,-0.414550781,-45.59724757,-32.83321761
-26,28,-10.4,0.176220703,-0.975146484,-0.170068359,-75.38162527,-9.994909844
13.8,14.4,19.4,0.173242188,-0.989404297,-0.113964844,-77.59637053,-9.884707137
-58.8,-4.8,-76.8,0.41953125,-0.783496094,-0.298193359,-56.17875246,-26.68285456
-30.6,29.8,2.2,0.885546875,0.105029297,-0.529150391,5.819917262,-58.64486245
63.8,-14.8,65.2,0.7046875,-0.379394531,-0.649511719,-21.9099494,-42.50242411
-15.6,15,1.2,0.181201172,-0.982177734,-0.129248047,-77.10306449,-10.35856088
-13.4,18.4,-1.4,0.186914063,-0.9703125,-0.178369141,-75.07960201,-10.72918065
-46.6,20.4,-30.4,0.262988281,-0.906201172,-0.239501953,-68.51491276,-15.65118212
-47,26.2,-31.6,0.865283203,0.108007813,-0.593994141,5.936739156,-54.82187226
62.8,-18.6,52.2,0.691064453,-0.323388672,-0.674902344,-18.67180519,-42.3110504
-7,14,1.6,0.208349609,-0.962402344,-0.174072266,-74.17218053,-11.96814419
-13.8,19.4,-2,0.192871094,-0.967773438,-0.205371094,-73.77038911,-11.02801125
-73.6,5.2,-44.8,0.336865234,-0.865966797,-0.433691406,-57.62258115,-18.9587135
-21.4,14.6,-1.6,0.807373047,0.118798828,-0.617089844,6.651213787,-52.08906035
54.4,-7.8,50.8,0.355957031,-0.621044922,-0.653222656,-39.36477841,-21.42358907
9.6,-0.6,-20.2,0.159863281,-0.901318359,-0.420410156,-63.7729899,-9.015631164
-16.8,41,-0.8,0.255078125,-0.895361328,-0.352246094,-63.95842531,-14.81142608
-73.4,28,-47.4,0.647167969,-0.063183594,-0.808740234,-3.491275245,-38.38081436
11.4,15.6,23.4,0.7046875,0.149755859,-0.768457031,8.200707993,-41.98303299
4.8,14.2,14.4,0.327001953,-0.892138672,-0.186523438,-66.70134325,-19.74504507
-15,17.6,-1.4,0.385986328,-0.891064453,-0.264550781,-62.28991996,-22.54738659
-14.8,17.2,-1.8,0.420117188,-0.890039063,-0.243017578,-61.36397829,-24.46024367
-96.6,11.8,-57,0.464160156,-0.229443359,-0.870019531,-13.78332571,-27.06742908
30.4,2.6,15.4,0.6625,0.241210938,-0.807763672,13.04209338,-38.03652115
11.4,22.8,21.4,0.330908203,-0.90234375,-0.118652344,-68.74246956,-19.83547959
-13.2,17.8,-2,0.371289063,-0.895166016,-0.256835938,-63.12726426,-21.7176125
-20.6,18.2,-7.8,0.404833984,-0.875097656,-0.293554688,-60.19697008,-23.65710853
-86.2,7.4,-59.8,0.525146484,-0.201269531,-0.831103516,-12.15206064,-31.15837163
-4.8,17.8,3,0.647900391,0.281738281,-0.715478516,16.26083876,-40.11268801
86.4,36,54.6,0.397167969,-0.668310547,-0.441796875,-48.35389532,-26.02084325
-14.6,12,-2,0.405761719,-0.888085938,-0.241259766,-61.99011619,-23.78937583
-12.8,15,1.6,0.395068359,-0.885205078,-0.282226563,-61.24702758,-23.03680204
-23.2,18,1.8,0.354541016,-0.880908203,-0.304443359,-62.03977182,-20.81913792
-79,37.2,-66,0.445458984,-0.207714844,-0.901171875,-11.5993744,-25.66423437
-3.4,16.6,1.6,0.658056641,0.259326172,-0.756054688,14.5003159,-39.47860206
29,16.4,29.4,0.318408203,-0.860351563,-0.252929688,-64.04744466,-19.51841184
-13,15.2,-1.2,0.356542969,-0.895898438,-0.287597656,-62.91224108,-20.75069747
-11.2,17.2,-0.6,0.363574219,-0.891064453,-0.272265625,-62.98687845,-21.31868528
-31.2,17.4,-16.6,0.426171875,-0.841064453,-0.314306641,-57.76842411,-25.38266133
-64.8,26.2,-33.6,0.586230469,0.127441406,-0.834716797,7.173339609,-34.62701876
55.4,7.8,27,0.597412109,0.329248047,-0.878076172,17.12619583,-32.30799368
0.8,12.6,8.2,0.322851563,-0.933398438,-0.164746094,-68.06706589,-18.71977753
-13.8,18,-0.2,0.320898438,-0.916699219,-0.254492188,-65.91251338,-18.63714469
-23,14.8,-22.6,0.378759766,-0.913525391,-0.293701172,-62.24538423,-21.48628349
-24.8,22,-24,0.776123047,-0.345117188,-0.491455078,-20.69389118,-52.12426644
8.8,11,42.2,0.775195313,-0.282177734,-0.411035156,-17.74860525,-57.22963762
5.4,16.8,10.2,0.253320313,-1.012646484,-0.273291016,-69.92515662,-13.33992601
-13.8,19,-0.2,0.251513672,-0.944287109,-0.215234375,-70.65637331,-14.54975621
-50.8,7.8,-29.8,0.312109375,-0.88515625,-0.285205078,-64.32226991,-18.52657417
-42.6,29.2,-13.6,0.695898438,0.177832031,-0.757568359,9.805391712,-41.71211029
27.2,-1.8,39,0.695605469,0.152294922,-0.797509766,8.175858278,-40.4106902
-2.4,16.8,8,0.217919922,-0.972070313,-0.107763672,-75.36896359,-12.49072984
-12.4,16.4,-2.6,0.250439453,-0.934228516,-0.245996094,-69.10096063,-14.48660429
-29,17.8,-13.6,0.283007813,-0.932763672,-0.235107422,-68.40188524,-16.4198077
-63.6,39.4,-14.2,0.623291016,0.128613281,-0.845654297,6.906892827,-35.93815763
9,6.6,15.4,0.667919922,0.202539063,-0.790917969,11.03045345,-39.22213218
41,19.6,35.2,0.252294922,-0.903125,-0.194335938,-70.17996442,-15.23466883
-11.2,20,-2,0.263232422,-0.930615234,-0.278320313,-67.59891269,-15.16928224
-50.2,12,-24.2,0.303125,-0.840527344,-0.333496094,-61.60210337,-18.509706
-50.4,27,-29.6,0.547216797,0.148730469,-0.875195313,8.281426149,-31.518172
39.4,7.6,34,0.614941406,0.170410156,-0.882861328,8.731631611,-34.12488055
25.2,14.8,18,0.227880859,-0.945507813,-0.134228516,-73.34544183,-13.31583128
-14.6,18,-1.6,0.241064453,-0.968652344,-0.146142578,-73.74556082,-13.82326184
-80.8,-14,-54.2,0.411328125,-0.724951172,-0.465380859,-49.26961929,-25.11117351
-34.4,25.6,-21.4,0.536035156,0.279296875,-0.830664063,15.77807613,-31.42344742
79.2,4.2,57.6,0.444970703,-0.137841797,-0.900439453,-7.871680825,-25.53498131
-20.8,32.8,-6.6,0.170556641,-0.966308594,-0.200292969,-74.21528114,-9.735409996
-17.2,13.6,-4,0.267675781,-0.923828125,-0.285058594,-67.0521773,-15.46768657
-74.2,16,-61.2,0.499609375,-0.257275391,-0.848242188,-14.7517026,-29.098232
-12.2,17.4,-0.8,0.580810547,0.207714844,-0.803759766,11.82394198,-34.97115123
83.8,36.2,48.8,0.385107422,-0.624316406,-0.588916016,-41.80283355,-23.88498441
-16.6,17.2,-2.2,0.274609375,-0.947753906,-0.213964844,-69.8036089,-15.7838856
-35.6,16.2,-18,0.344921875,-0.896630859,-0.303417969,-62.85945684,-19.98978582
-104.4,20,-14.6,0.508837891,0.022558594,-0.908447266,1.13511502,-28.89119455
-2.6,18.4,11.2,0.534667969,0.449951172,-0.748144531,26.08987384,-31.46832866
68.4,29.6,44.2,0.294580078,-0.766845703,-0.439013672,-55.23346949,-18.33123519
-13,14.2,-4.6,0.226660156,-0.936572266,-0.27578125,-69.11861398,-13.07509421
-14.6,16.8,-4.2,0.264990234,-0.922607422,-0.285888672,-67.09429897,-15.34156798
-89.8,-0.2,-24.4,0.419970703,-0.420214844,-0.777148438,-25.49519554,-25.33260148
-19.8,14.8,9.4,0.542285156,0.374169922,-0.784960938,21.39830863,-31.94671007
35,1.4,27,0.555761719,0.206591797,-0.879003906,11.30468403,-31.47985817
22.4,15.8,13.2,0.265869141,-0.903564453,-0.210253906,-69.41049833,-15.90967098
-15,17,-1.4,0.281347656,-0.921972656,-0.287060547,-66.43868134,-16.24963818
-81.8,2.2,-43.8,0.363378906,-0.627441406,-0.674609375,-39.34017571,-21.31614137
-15.8,17.8,-3.4,0.6375,0.091845703,-0.785449219,5.185660526,-38.86751502
26,4.8,27.6,0.597070313,0.010839844,-0.895117188,0.64343905,-33.63974079
36.8,27,33,0.249951172,-0.918798828,-0.080712891,-69.80037307,-14.67840669
-15.4,-6.4,-20.4,0.200195313,-1.048730469,-0.106494141,-76.92206028,-10.66507199
-20,33.4,-30.8,0.790136719,-0.519970703,-0.161035156,-32.7386257,-55.48058166
7.2,9.4,34.2,0.70390625,-0.605175781,-0.069287109,-40.72565041,-48.82887839
-13.6,18,10.2,0.230517578,-0.991552734,0.085058594,-75.97512883,-13.03091397
-10.6,15.6,-3.8,0.186962891,-0.999316406,0.069628906,-78.68169172,-10.57026399
-9.2,30.6,-49.4,0.814453125,-0.544677734,0.105712891,-33.21000714,-55.46790493
-20.6,20.6,20.2,0.830419922,-0.470507813,0.083496094,-29.2889658,-59.78022536
7.8,13.4,7.4,0.26328125,-1.004541016,0.023193359,-74.29260476,-14.57277681
-14,8.8,-1.4,0.234960938,-0.975537109,0.106689453,-75.1504546,-13.46751399
-13.6,37.8,-33.2,0.650830078,-0.720654297,0.054345703,-47.8392472,-41.932712
-12.8,20.4,-2.8,0.802539063,-0.568554688,0.217431641,-34.36509409,-52.8124757
-17.6,-27,79.4,0.666455078,-0.747900391,0.130859375,-47.08050489,-41.56912974
-28,27.8,2,0.350537109,-0.939404297,-0.018457031,-69.44752065,-20.45386718